species,target,collection,diff,% diff,notes
Walleye pollock,700,541,-159,-22.71428571,"See 2024 collection instructions...All areas: IF <10 fish--> None;  SBS 10-500 (5 random/haul), >500 (10 random/haul); * all other areas 10-200 fish (5 random/haul), >200 (10 random/haul);  If pollock juveniles <25 cm dominate in any catch, only collect otoliths from 2 of the <25 cm fish and allocate the remainder of the sample to larger fish. "
Pacific cod,700,590,-110,-15.71428571,all up to 3
Atka mackerel,1000,1009,9,0.9,all up to 8
Kamchatka flounder,500,449,-51,-10.2,all up to 3
Greenland turbot,200,29,-171,-85.5,all up to 15
Arrowtooth flounder,500,446,-54,-10.8,when <10 collect none
Blackspotted RF,400,522,122,30.5,all up to 6
Northern RF,700,736,36,5.142857143,when <5 collect none
POP,1200,1009,-191,-15.91666667,when <5 collect none
Rougheye RF,100,57,-43,-43,all up to 10
Pacific Halibut,500,672,172,34.4,all up to 6